{"cameraMode":{"drawMode":0,"name":"Shaded","section":"Shading Mode"},"sceneLighting":false,"audioPlay":false,"sceneViewState":{"m_AlwaysRefresh":false,"showFog":true,"showSkybox":false,"showFlares":true,"showImageEffects":true,"showParticleSystems":true,"showVisualEffectGraphs":true,"m_FxEnabled":true},"in2DMode":false,"pivot":{"x":0.0017771720886230469,"y":2.0554590225219728,"z":-0.22596648335456849},"rotation":{"x":-0.02187686413526535,"y":0.9523827433586121,"z":-0.07042279094457627,"w":-0.2958582937717438},"size":1.679555058479309,"orthographic":false}